contrast,entropy,localContrast,localEntropy,saturation,image_path
2.0,3.0,2.0,2.0,3.0,images/image_0.jpg
3.0,4.0,3.0,4.0,4.0,images/image_1.jpg
3.0,3.0,4.0,3.0,3.0,images/image_2.jpg
3.0,2.0,3.0,3.0,3.0,images/image_3.jpg
3.0,3.0,2.0,2.0,2.0,images/image_4.jpg
4.0,2.0,3.0,4.0,4.0,images/image_5.jpg
4.0,4.5,4.0,4.5,4.5,images/image_6.jpg
4.0,4.0,3.0,3.5,4.0,images/image_7.jpg
3.5,3.5,3.5,2.0,3.0,images/image_8.jpg
4.5,4.0,4.0,4.0,4.0,images/image_9.jpg
4.5,3.5,3.0,3.0,3.0,images/image_10.jpg
4.5,5.0,4.5,4.5,4.5,images/image_11.jpg
3.5,4.0,3.5,3.5,3.5,images/image_12.jpg
4.0,4.0,3.5,3.5,3.5,images/image_13.jpg
3.0,3.0,3.0,3.0,2.5,images/image_14.jpg
4.0,2.5,3.0,2.0,2.0,images/image_15.jpg
4.5,4.5,4.0,4.0,4.0,images/image_16.jpg
4.5,4.5,4.0,4.0,4.5,images/image_17.jpg
4.5,3.0,2.5,2.5,2.5,images/image_18.jpg
4.0,4.0,4.0,3.5,4.0,images/image_19.jpg
5.0,5.0,5.0,5.0,5.0,images/image_20.jpg
5.0,5.0,5.0,5.0,5.0,images/image_21.jpg
5.0,1.0,3.0,1.0,3.0,images/image_22.jpg
5.0,1.0,1.0,2.0,5.0,images/image_23.jpg
2.0,2.0,2.0,2.0,2.0,images/image_24.jpg
4.0,3.0,4.0,3.0,3.0,images/image_25.jpg
2.0,1.0,1.0,1.0,4.0,images/image_26.jpg
3.0,2.0,2.0,1.0,4.0,images/image_27.jpg
2.0,1.0,1.0,1.0,3.0,images/image_28.jpg
1.0,1.0,1.0,1.0,4.0,images/image_29.jpg
4.0,4.0,3.0,2.0,4.0,images/image_30.jpg
4.5,4.5,4.5,4.0,4.5,images/image_31.jpg
3.0,3.5,3.0,3.0,4.0,images/image_32.jpg
4.0,4.0,3.0,3.0,4.0,images/image_33.jpg
5.0,5.0,4.0,4.0,5.0,images/image_34.jpg
4.0,3.0,3.0,2.0,5.0,images/image_35.jpg
4.0,5.0,4.0,4.0,2.0,images/image_36.jpg
5.0,5.0,5.0,4.0,4.0,images/image_37.jpg
3.0,2.0,2.0,2.0,4.0,images/image_38.jpg
1.0,1.0,1.0,1.0,3.0,images/image_39.jpg
1.0,1.0,1.0,1.0,3.0,images/image_40.jpg
5.0,5.0,4.0,4.0,2.0,images/image_41.jpg
5.0,5.0,4.0,5.0,4.0,images/image_42.jpg
4.0,4.0,4.0,4.0,4.0,images/image_43.jpg
3.0,4.0,3.0,3.0,4.0,images/image_44.jpg
5.0,5.0,5.0,5.0,5.0,images/image_45.jpg
4.0,3.0,3.0,3.0,4.0,images/image_46.jpg
5.0,5.0,4.0,5.0,3.0,images/image_47.jpg
3.0,2.0,2.0,2.0,4.0,images/image_48.jpg
5.0,5.0,4.0,5.0,2.0,images/image_49.jpg
4.0,5.0,4.0,4.0,4.0,images/image_50.jpg
5.0,5.0,5.0,5.0,5.0,images/image_51.jpg
4.0,5.0,3.0,4.0,3.0,images/image_52.jpg
2.0,3.0,2.0,2.0,4.0,images/image_53.jpg
3.0,4.0,3.0,4.0,2.0,images/image_54.jpg
1.0,1.0,1.0,1.0,3.0,images/image_55.jpg
1.0,1.0,1.0,1.0,3.0,images/image_56.jpg
1.0,1.0,1.0,1.0,3.0,images/image_57.jpg
5.0,5.0,3.0,5.0,5.0,images/image_58.jpg
1.0,1.0,1.0,1.0,2.0,images/image_59.jpg
1.0,1.0,1.0,1.0,3.0,images/image_60.jpg
1.0,1.0,1.0,1.0,5.0,images/image_61.jpg
3.0,2.0,4.0,1.0,3.0,images/image_62.jpg
5.0,5.0,4.0,4.0,4.0,images/image_63.jpg
1.0,1.0,1.0,1.0,3.0,images/image_64.jpg
4.0,4.0,4.0,4.0,5.0,images/image_65.jpg
5.0,4.0,4.0,3.0,3.0,images/image_66.jpg
5.0,5.0,5.0,5.0,4.0,images/image_67.jpg
2.0,4.0,1.0,5.0,2.0,images/image_68.jpg
5.0,5.0,5.0,5.0,3.0,images/image_69.jpg
3.0,2.0,3.0,2.0,2.0,images/image_70.jpg
5.0,5.0,4.0,4.0,3.0,images/image_71.jpg
1.0,1.0,1.0,1.0,2.0,images/image_72.jpg
3.0,3.0,3.0,2.0,3.0,images/image_73.jpg
3.0,3.0,3.0,2.0,3.0,images/image_74.jpg
3.0,3.0,2.0,2.0,2.0,images/image_75.jpg
4.0,4.0,4.0,4.0,4.0,images/image_76.jpg
3.0,4.0,4.0,2.0,3.0,images/image_77.jpg
4.0,4.0,4.0,3.0,4.0,images/image_78.jpg
4.0,4.0,4.0,3.0,4.0,images/image_79.jpg
4.0,3.0,3.0,2.0,3.0,images/image_80.jpg
3.0,2.0,3.0,2.0,2.0,images/image_81.jpg
4.0,4.0,4.0,3.0,4.0,images/image_82.jpg
4.0,4.0,4.0,3.0,4.0,images/image_83.jpg
5.0,4.0,4.0,3.0,4.0,images/image_84.jpg
4.0,4.0,4.0,3.0,4.0,images/image_85.jpg
2.0,2.0,1.0,1.0,1.0,images/image_86.jpg
2.0,2.0,1.0,1.0,2.0,images/image_87.jpg
5.0,4.0,4.0,4.0,5.0,images/image_88.jpg
2.0,4.0,2.0,3.0,4.0,images/image_89.jpg
5.0,4.0,4.0,3.0,5.0,images/image_90.jpg
2.0,2.0,2.0,2.0,3.0,images/image_91.jpg
4.0,3.0,3.0,2.0,1.0,images/image_92.jpg
5.0,4.0,5.0,4.0,4.0,images/image_93.jpg
2.0,1.0,1.0,1.0,3.0,images/image_94.jpg
5.0,5.0,3.0,4.0,1.0,images/image_95.jpg
4.0,4.0,3.0,4.0,4.0,images/image_96.jpg
5.0,4.0,4.0,2.0,4.0,images/image_97.jpg
2.0,1.0,1.0,1.0,4.0,images/image_98.jpg
2.0,1.0,2.0,1.0,4.0,images/image_99.jpg
4.0,4.0,3.0,3.0,2.0,images/image_100.jpg
4.0,3.0,1.0,1.0,3.0,images/image_101.jpg
4.0,2.0,2.0,1.0,4.0,images/image_102.jpg
2.0,1.0,1.0,1.0,4.0,images/image_103.jpg
2.0,2.0,1.0,2.0,4.0,images/image_104.jpg
1.0,1.0,1.0,1.0,3.0,images/image_105.jpg
5.0,4.0,5.0,4.0,5.0,images/image_106.jpg
4.0,3.0,2.0,1.0,4.0,images/image_107.jpg
4.0,4.0,4.0,2.0,4.0,images/image_108.jpg
2.0,2.0,1.0,1.0,3.0,images/image_109.jpg
2.0,2.0,1.0,1.0,4.0,images/image_110.jpg
5.0,5.0,5.0,5.0,5.0,images/image_111.jpg
5.0,4.0,4.0,2.0,5.0,images/image_112.jpg
3.0,3.0,2.0,3.0,4.0,images/image_113.jpg
4.0,4.0,3.0,4.0,3.0,images/image_114.jpg
5.0,4.5,4.0,3.0,4.0,images/image_115.jpg
2.0,1.0,1.0,1.0,4.0,images/image_116.jpg
2.0,2.0,2.0,2.0,4.0,images/image_117.jpg
4.0,4.0,3.0,3.0,4.0,images/image_118.jpg
5.0,4.0,3.0,2.0,4.0,images/image_119.jpg
1.0,1.0,1.0,1.0,3.0,images/image_120.jpg
3.0,2.0,3.0,2.0,4.0,images/image_121.jpg
3.0,2.0,3.0,2.0,4.0,images/image_122.jpg
1.0,1.0,1.0,1.0,4.0,images/image_123.jpg
1.0,4.0,1.0,3.0,1.0,images/image_124.jpg
5.0,4.0,3.0,3.0,4.0,images/image_125.jpg
1.0,1.0,1.0,1.0,3.0,images/image_126.jpg
1.0,1.0,1.0,1.0,3.0,images/image_127.jpg
1.0,2.0,1.0,1.0,3.0,images/image_128.jpg
4.0,4.0,3.0,3.0,3.0,images/image_129.jpg
5.0,5.0,4.0,4.0,5.0,images/image_130.jpg
4.0,3.0,2.0,2.0,4.0,images/image_131.jpg
1.0,1.0,1.0,1.0,3.0,images/image_132.jpg
2.0,2.0,1.0,1.0,4.0,images/image_133.jpg
3.0,4.0,2.0,2.0,4.0,images/image_134.jpg
5.0,4.0,4.0,3.0,4.0,images/image_135.jpg
5.0,5.0,5.0,5.0,4.0,images/image_136.jpg
4.0,4.0,4.0,3.5,4.0,images/image_137.jpg
4.0,5.0,3.0,3.0,4.0,images/image_138.jpg
4.0,4.0,3.0,4.0,4.0,images/image_139.jpg
5.0,5.0,5.0,5.0,5.0,images/image_140.jpg
5.0,5.0,5.0,5.0,5.0,images/image_141.jpg
5.0,5.0,5.0,5.0,4.0,images/image_142.jpg
2.0,1.0,1.0,1.0,3.0,images/image_144.jpg
5.0,5.0,5.0,5.0,4.0,images/image_145.jpg
1.0,1.0,1.0,1.0,3.0,images/image_146.jpg
1.0,1.0,1.0,1.0,3.0,images/image_147.jpg
2.0,1.5,1.5,1.0,2.0,images/image_149.jpg
4.5,4.0,4.0,4.0,4.0,images/image_150.jpg
3.0,3.0,2.5,2.0,4.0,images/image_151.jpg
4.0,4.5,3.5,3.5,4.5,images/image_152.jpg
3.5,3.5,3.5,3.0,3.5,images/image_153.jpg
4.0,4.0,3.5,3.5,4.0,images/image_154.jpg
4.0,3.5,3.5,3.0,3.5,images/image_155.jpg
2.5,2.0,2.0,1.5,2.5,images/image_157.jpg
3.5,2.5,2.5,2.0,2.5,images/image_158.jpg
2.5,2.5,2.5,2.0,3.0,images/image_159.jpg
2.0,2.0,1.5,1.5,2.0,images/image_160.jpg
2.5,2.0,2.0,1.5,2.0,images/image_161.jpg
2.0,2.0,2.0,1.5,2.0,images/image_163.jpg
4.0,4.0,3.5,3.5,3.5,images/image_164.jpg
2.5,1.5,2.0,1.0,2.0,images/image_165.jpg
2.0,2.5,1.5,2.0,2.0,images/image_166.jpg
2.5,2.5,2.0,2.0,3.5,images/image_167.jpg
4.0,4.0,4.0,3.5,4.0,images/image_168.jpg
4.0,3.0,3.5,2.0,3.5,images/image_169.jpg
3.0,3.0,2.0,2.0,2.0,images/image_170.jpg
3.5,3.5,3.0,2.5,2.5,images/image_171.jpg
4.0,4.0,4.0,4.0,3.5,images/image_172.jpg
3.5,4.0,3.0,3.0,2.5,images/image_173.jpg
3.5,3.5,3.5,3.5,3.5,images/image_174.jpg
4.0,3.6666666666666665,3.0,3.333333333333333,3.0,images/image_175.jpg
3.0,3.0,3.0,2.333333333333333,2.6666666666666665,images/image_176.jpg
3.6666666666666665,2.6666666666666665,3.0,1.6666666666666667,2.333333333333333,images/image_177.jpg
3.6666666666666665,4.0,3.6666666666666665,4.0,3.333333333333333,images/image_178.jpg
3.333333333333333,3.0,3.0,2.6666666666666665,2.6666666666666665,images/image_179.jpg
3.5,3.5,3.25,3.25,3.0,images/image_180.jpg
4.0,3.75,4.0,3.75,3.5,images/image_181.jpg
3.6666666666666665,4.666666666666667,3.6666666666666665,4.0,3.6666666666666665,images/image_182.jpg
3.6666666666666665,4.666666666666667,4.0,4.333333333333333,4.0,images/image_183.jpg
3.6666666666666665,4.0,4.0,3.6666666666666665,3.333333333333333,images/image_184.jpg
4.25,4.5,4.0,4.0,4.25,images/image_185.jpg
3.6666666666666665,3.0,3.0,2.6666666666666665,2.6666666666666665,images/image_186.jpg
4.0,3.6666666666666665,3.333333333333333,3.333333333333333,3.6666666666666665,images/image_187.jpg
4.0,4.0,3.0,3.0,3.0,images/image_188.jpg
3.6666666666666665,3.333333333333333,3.333333333333333,2.6666666666666665,3.0,images/image_189.jpg
3.0,1.5,2.0,1.0,2.0,images/image_190.jpg
3.0,2.5,2.5,1.5,2.0,images/image_191.jpg
4.5,3.5,3.0,2.5,3.5,images/image_192.jpg
3.0,2.0,2.0,1.5,3.5,images/image_193.jpg
4.0,4.5,4.0,4.0,4.5,images/image_194.jpg
4.5,4.0,4.0,3.5,2.5,images/image_195.jpg
4.0,4.0,3.5,3.0,3.0,images/image_196.jpg
2.5,1.5,2.0,1.5,3.0,images/image_197.jpg
4.333333333333333,4.0,3.6666666666666665,3.333333333333333,3.6666666666666665,images/image_198.jpg
2.5,2.5,2.0,2.0,4.0,images/image_199.jpg
2.5,1.5,2.0,1.5,3.5,images/image_200.jpg
2.5,2.0,2.0,1.5,3.5,images/image_201.jpg
2.5,2.0,2.0,1.5,3.5,images/image_202.jpg
2.5,2.0,2.0,1.5,3.5,images/image_203.jpg
4.5,4.5,4.0,4.5,4.5,images/image_204.jpg
4.5,4.5,3.5,4.0,4.0,images/image_205.jpg
2.5,2.5,2.5,2.5,4.5,images/image_206.jpg
2.5,2.0,2.0,1.5,4.5,images/image_207.jpg
4.5,4.5,4.5,4.0,4.5,images/image_208.jpg
4.0,4.5,3.0,2.5,4.0,images/image_209.jpg
4.666666666666667,4.666666666666667,4.333333333333333,4.0,4.666666666666667,images/image_210.jpg
3.5,3.5,2.0,1.5,3.5,images/image_211.jpg
3.5,3.0,2.5,2.0,3.0,images/image_212.jpg
4.5,4.0,3.5,3.5,3.5,images/image_213.jpg
4.0,4.0,3.0,3.0,4.0,images/image_214.jpg
4.0,4.0,3.333333333333333,3.333333333333333,4.0,images/image_215.jpg
4.5,4.5,3.5,3.5,4.0,images/image_216.jpg
4.5,4.5,4.5,4.0,4.0,images/image_217.jpg
4.0,3.6666666666666665,3.0,3.0,3.6666666666666665,images/image_218.jpg
4.5,4.5,4.0,4.0,4.5,images/image_219.jpg
4.333333333333333,4.333333333333333,4.333333333333333,3.0,3.6666666666666665,images/image_220.jpg
4.0,4.0,3.0,2.5,4.0,images/image_221.jpg
4.0,4.0,3.0,2.0,4.0,images/image_222.jpg
2.0,2.0,1.5,1.5,2.5,images/image_223.jpg
2.0,2.0,1.5,1.5,2.5,images/image_224.jpg
2.5,2.5,2.0,2.0,4.0,images/image_225.jpg
2.5,2.0,2.0,1.5,3.0,images/image_226.jpg
4.0,4.0,3.0,3.0,4.5,images/image_227.jpg
4.0,4.0,2.5,2.5,4.5,images/image_228.jpg
4.0,4.0,3.0,2.5,3.0,images/image_229.jpg
4.0,4.0,3.0,3.0,4.0,images/image_230.jpg
3.0,2.0,2.0,1.5,3.5,images/image_231.jpg
3.5,3.5,3.0,2.5,4.0,images/image_232.jpg
4.5,4.5,3.5,3.5,3.0,images/image_233.jpg
4.0,4.0,3.5,3.5,4.0,images/image_234.jpg
3.0,3.0,3.0,2.5,3.5,images/image_235.jpg
2.5,2.5,2.0,2.0,4.0,images/image_236.jpg
2.5,2.5,2.0,2.0,3.5,images/image_237.jpg
2.0,2.0,1.5,1.5,2.0,images/image_238.jpg
4.0,4.0,2.5,3.0,3.0,images/image_239.jpg
4.5,4.5,3.0,3.0,3.5,images/image_240.jpg
2.5,2.0,3.0,2.0,3.0,images/image_241.jpg
5.0,4.5,4.5,4.0,5.0,images/image_242.jpg
4.0,4.0,3.5,3.5,4.0,images/image_243.jpg
4.5,5.0,4.5,4.5,5.0,images/image_244.jpg
3.5,5.0,3.5,3.5,3.5,images/image_245.jpg
4.0,4.333333333333333,3.6666666666666665,3.6666666666666665,4.333333333333333,images/image_246.jpg
3.0,4.5,2.5,3.0,3.5,images/image_247.jpg
4.5,4.5,4.5,4.5,5.0,images/image_248.jpg
4.0,3.0,3.0,3.5,4.0,images/image_249.jpg
3.5,2.5,3.0,3.0,3.5,images/image_250.jpg
3.0,3.5,3.5,3.5,3.0,images/image_251.jpg
2.5,2.5,2.0,2.0,3.0,images/image_252.jpg
1.5,2.0,2.5,1.5,2.5,images/image_253.jpg
3.0,4.0,3.0,3.0,3.0,images/image_254.jpg
1.0,1.0,2.0,1.0,3.0,images/image_255.jpg
4.0,4.0,3.0,3.0,4.0,images/image_256.jpg
1.0,4.0,2.0,4.0,3.0,images/image_257.jpg
3.0,5.0,4.0,5.0,4.0,images/image_258.jpg
2.0,2.0,2.0,2.0,4.0,images/image_259.jpg
1.0,1.0,1.0,1.0,1.0,images/image_260.jpg
3.0,4.0,4.0,3.0,2.0,images/image_261.jpg
2.0,3.0,3.0,3.0,4.0,images/image_262.jpg
2.0,5.0,4.0,5.0,4.0,images/image_263.jpg
1.0,2.0,1.0,1.0,3.0,images/image_264.jpg
3.0,4.0,4.0,4.0,3.0,images/image_265.jpg
1.0,1.0,1.0,1.0,1.0,images/image_266.jpg
4.0,5.0,4.0,4.0,2.0,images/image_267.jpg
5.0,4.0,5.0,4.0,1.0,images/image_268.jpg
1.0,1.0,1.0,1.0,4.0,images/image_269.jpg
1.0,1.0,1.0,1.0,4.0,images/image_270.jpg
5.0,4.0,4.0,3.0,4.0,images/image_271.jpg
1.0,1.0,1.0,1.0,1.0,images/image_272.jpg
1.0,1.0,1.0,1.0,3.0,images/image_273.jpg
3.0,3.0,3.0,2.0,3.0,images/image_274.jpg
2.0,4.0,5.0,4.0,1.0,images/image_275.jpg
3.0,3.0,2.0,2.0,4.0,images/image_276.jpg
5.0,5.0,3.0,3.0,4.0,images/image_277.jpg
5.0,5.0,5.0,5.0,4.0,images/image_278.jpg
5.0,5.0,5.0,5.0,5.0,images/image_279.jpg
5.0,5.0,5.0,5.0,5.0,images/image_280.jpg
4.0,4.0,3.0,3.0,4.0,images/image_281.jpg
5.0,5.0,5.0,4.0,5.0,images/image_282.jpg
2.0,2.0,2.0,2.0,3.0,images/image_283.jpg
5.0,5.0,4.0,4.0,5.0,images/image_284.jpg
5.0,5.0,3.0,4.0,4.0,images/image_285.jpg
4.0,4.0,4.0,4.0,4.0,images/image_286.jpg
1.0,1.0,1.0,1.0,3.0,images/image_287.jpg
4.0,4.0,4.0,4.0,4.0,images/image_288.jpg
5.0,5.0,4.0,5.0,4.0,images/image_289.jpg
4.0,5.0,4.0,2.0,3.0,images/image_290.jpg
1.0,1.0,1.0,1.0,4.0,images/image_291.jpg
1.0,1.0,1.0,1.0,3.0,images/image_292.jpg
1.0,1.0,1.0,1.0,1.0,images/image_293.jpg
1.0,1.0,1.0,1.0,3.0,images/image_294.jpg
1.0,1.0,1.0,1.0,4.0,images/image_295.jpg
1.0,1.0,1.0,1.0,4.0,images/image_296.jpg
3.0,3.0,2.0,3.0,4.0,images/image_297.jpg
5.0,5.0,3.0,3.0,4.0,images/image_298.jpg
1.0,1.0,1.0,1.0,2.0,images/image_299.jpg
1.0,1.0,1.0,1.0,3.0,images/image_300.jpg
1.0,1.0,1.0,1.0,3.0,images/image_301.jpg
1.0,1.0,1.0,1.0,3.0,images/image_302.jpg
5.0,4.0,4.0,3.0,3.0,images/image_303.jpg
3.0,3.0,2.0,2.0,3.0,images/image_304.jpg
4.0,4.0,4.0,4.0,4.0,images/image_305.jpg
1.0,1.0,1.0,1.0,3.0,images/image_306.jpg
1.0,1.0,1.0,1.0,4.0,images/image_307.jpg
4.0,3.0,2.0,2.0,4.0,images/image_308.jpg
5.0,5.0,4.0,4.0,5.0,images/image_309.jpg
1.0,1.0,1.0,1.0,3.0,images/image_310.jpg
1.0,1.0,1.0,1.0,3.0,images/image_311.jpg
4.0,4.0,3.0,3.0,4.0,images/image_312.jpg
5.0,5.0,4.0,3.0,4.0,images/image_313.jpg
4.0,4.0,3.0,3.0,4.0,images/image_314.jpg
4.0,4.0,4.0,4.0,3.0,images/image_315.jpg
5.0,4.0,4.0,4.0,4.0,images/image_316.jpg
3.0,3.0,3.0,2.0,4.0,images/image_317.jpg
5.0,5.0,4.0,4.0,5.0,images/image_318.jpg
2.0,2.0,3.0,4.0,5.0,images/image_319.jpg
4.5,4.5,4.0,4.0,4.5,images/image_320.jpg
4.0,4.0,3.0,3.0,4.0,images/image_321.jpg
5.0,4.0,3.0,3.0,4.0,images/image_322.jpg
4.0,4.0,3.0,2.0,3.0,images/image_323.jpg
4.0,4.0,3.5,3.0,4.5,images/image_324.jpg
5.0,5.0,4.0,4.0,5.0,images/image_325.jpg
3.5,4.0,3.0,3.0,3.0,images/image_326.jpg
2.0,2.0,2.0,2.0,3.0,images/image_327.jpg
1.0,1.0,1.0,1.0,3.0,images/image_328.jpg
1.0,1.0,1.0,1.0,3.0,images/image_329.jpg
4.0,4.0,4.0,4.0,4.0,images/image_330.jpg
5.0,5.0,4.0,3.0,1.0,images/image_331.jpg
3.0,2.0,2.0,2.0,3.0,images/image_332.jpg
1.0,1.0,1.0,1.0,4.0,images/image_333.jpg
1.0,1.0,1.0,1.0,2.0,images/image_334.jpg
4.0,4.0,4.0,4.0,4.0,images/image_335.jpg
5.0,5.0,4.0,4.0,5.0,images/image_338.jpg
5.0,4.0,4.0,2.0,4.0,images/image_339.jpg
1.0,1.0,1.0,1.0,3.0,images/image_340.jpg
5.0,5.0,5.0,5.0,5.0,images/image_341.jpg
5.0,5.0,3.0,3.0,5.0,images/image_342.jpg
1.0,1.0,1.0,1.0,3.0,images/image_343.jpg
5.0,5.0,5.0,4.0,5.0,images/image_344.jpg
5.0,5.0,5.0,5.0,5.0,images/image_345.jpg
2.0,2.0,1.0,1.0,4.0,images/image_346.jpg
4.0,4.0,4.0,4.0,4.0,images/image_347.jpg
5.0,4.0,5.0,4.0,4.0,images/image_348.jpg
5.0,3.0,4.0,3.0,5.0,images/image_349.jpg
5.0,5.0,4.0,4.0,4.0,images/image_350.jpg
5.0,5.0,4.0,4.0,4.5,images/image_351.jpg
5.0,5.0,5.0,5.0,5.0,images/image_352.jpg
4.0,4.0,4.0,3.0,4.0,images/image_353.jpg
5.0,5.0,4.0,4.0,4.0,images/image_354.jpg
4.5,5.0,4.5,5.0,4.5,images/image_355.jpg
4.0,4.5,3.0,3.5,3.5,images/image_356.jpg
4.0,3.6666666666666665,3.333333333333333,2.6666666666666665,4.0,images/image_357.jpg
4.5,4.5,3.5,3.5,4.0,images/image_358.jpg
4.5,4.5,4.0,4.0,5.0,images/image_359.jpg
2.5,2.0,2.0,1.5,3.5,images/image_360.jpg
2.5,2.5,2.0,2.0,3.0,images/image_361.jpg
2.0,2.0,1.5,1.5,3.5,images/image_362.jpg
3.5,4.0,3.0,3.5,2.5,images/image_363.jpg
1.0,1.0,1.0,1.0,2.0,images/image_364.jpg
5.0,5.0,5.0,4.0,4.0,images/image_365.jpg
1.0,1.0,1.0,1.0,2.0,images/image_366.jpg
3.0,3.0,3.0,2.0,4.0,images/image_367.jpg
5.0,4.0,4.0,4.0,4.0,images/image_368.jpg
4.0,3.0,3.0,2.0,4.0,images/image_369.jpg
5.0,5.0,5.0,5.0,1.0,images/image_370.jpg
2.0,2.0,2.0,2.0,3.0,images/image_371.jpg
5.0,5.0,4.0,3.0,4.0,images/image_372.jpg
5.0,5.0,5.0,5.0,4.0,images/image_373.jpg
3.0,3.0,2.0,2.0,2.0,images/image_374.jpg
1.0,1.0,1.0,1.0,2.0,images/image_375.jpg
1.0,1.0,1.0,1.0,3.0,images/image_376.jpg
1.0,1.0,1.0,1.0,2.0,images/image_377.jpg
4.0,4.0,4.0,4.0,2.0,images/image_378.jpg
5.0,5.0,4.0,4.0,4.0,images/image_379.jpg
3.0,4.0,2.0,3.0,4.0,images/image_380.jpg
3.0,3.0,3.0,3.0,1.0,images/image_381.jpg
1.0,1.0,1.0,1.0,1.0,images/image_382.jpg
5.0,5.0,4.0,5.0,4.0,images/image_383.jpg
4.0,3.0,3.0,3.0,4.0,images/image_384.jpg
5.0,4.0,5.0,4.0,4.0,images/image_385.jpg
5.0,5.0,4.0,4.0,4.0,images/image_386.jpg
5.0,5.0,4.0,4.0,4.0,images/image_387.jpg
4.0,4.0,2.0,3.0,4.0,images/image_388.jpg
4.0,5.0,4.0,4.0,4.0,images/image_389.jpg
5.0,5.0,4.0,4.0,4.0,images/image_390.jpg
5.0,5.0,5.0,5.0,2.0,images/image_391.jpg
5.0,5.0,3.0,3.0,4.0,images/image_392.jpg
4.0,4.0,3.0,3.0,2.0,images/image_393.jpg
5.0,5.0,5.0,5.0,5.0,images/image_394.jpg
5.0,5.0,4.0,5.0,4.0,images/image_395.jpg
4.0,4.0,4.0,4.0,4.0,images/image_396.jpg
3.0,3.0,2.0,2.0,3.0,images/image_397.jpg
4.0,4.0,4.0,4.0,4.0,images/image_398.jpg
2.0,2.0,5.0,2.0,2.0,images/image_399.jpg
4.0,4.0,3.0,3.0,4.0,images/image_400.jpg
4.0,4.0,3.0,3.0,5.0,images/image_402.jpg
5.0,5.0,5.0,5.0,5.0,images/image_403.jpg
4.0,4.0,4.0,4.0,3.0,images/image_404.jpg
2.0,2.0,2.0,2.0,4.0,images/image_405.jpg
4.0,4.0,4.0,4.0,2.0,images/image_406.jpg
1.0,1.0,1.0,1.0,4.0,images/image_407.jpg
1.0,1.0,1.0,1.0,2.0,images/image_408.jpg
2.0,3.0,2.0,3.0,2.0,images/image_409.jpg
1.0,1.0,1.0,1.0,4.0,images/image_410.jpg
1.0,1.0,1.0,1.0,1.0,images/image_411.jpg
1.0,1.0,1.0,1.0,2.0,images/image_412.jpg
4.0,4.0,3.0,3.0,5.0,images/image_413.jpg
1.0,1.0,1.0,1.0,3.0,images/image_414.jpg
3.0,3.0,3.0,3.0,4.0,images/image_415.jpg
4.0,5.0,4.0,5.0,5.0,images/image_416.jpg
5.0,5.0,5.0,5.0,5.0,images/image_417.jpg
1.0,1.0,1.0,1.0,4.0,images/image_418.jpg
1.0,1.0,1.0,1.0,1.0,images/image_419.jpg
5.0,5.0,4.0,5.0,2.0,images/image_420.jpg
1.0,1.0,1.0,1.0,2.0,images/image_421.jpg
4.0,4.0,4.0,4.0,5.0,images/image_422.jpg
5.0,5.0,5.0,5.0,4.0,images/image_423.jpg
1.0,1.0,1.0,1.0,3.0,images/image_424.jpg
1.0,1.0,1.0,1.0,3.0,images/image_425.jpg
2.0,2.0,1.5,1.5,3.5,images/image_426.jpg
4.5,4.5,3.5,3.5,5.0,images/image_427.jpg
4.5,4.5,4.0,4.5,4.5,images/image_428.jpg
4.5,4.5,3.5,3.5,4.0,images/image_429.jpg
2.0,2.5,2.0,2.0,3.0,images/image_430.jpg
4.0,4.0,3.0,3.0,3.0,images/image_431.jpg
3.5,4.0,3.0,3.0,3.5,images/image_432.jpg
5.0,5.0,5.0,5.0,4.0,images/image_433.jpg
4.0,4.0,3.0,3.0,2.0,images/image_434.jpg
5.0,5.0,5.0,5.0,5.0,images/image_435.jpg
5.0,5.0,4.0,4.0,4.0,images/image_436.jpg
5.0,5.0,5.0,4.0,3.0,images/image_438.jpg
1.0,2.0,3.0,3.0,1.0,images/image_439.jpg
4.0,4.0,4.0,4.0,2.0,images/image_440.jpg
5.0,5.0,4.0,4.0,3.0,images/image_441.jpg
5.0,5.0,5.0,5.0,4.0,images/image_442.jpg
4.0,5.0,3.0,5.0,2.0,images/image_443.jpg
5.0,5.0,5.0,5.0,4.0,images/image_444.jpg
4.0,4.0,3.0,3.0,1.0,images/image_445.jpg
5.0,5.0,4.0,5.0,3.0,images/image_446.jpg
3.0,5.0,3.0,4.0,2.0,images/image_447.jpg
4.0,5.0,4.0,4.0,4.0,images/image_448.jpg
4.0,4.0,3.0,4.0,3.0,images/image_449.jpg
5.0,5.0,5.0,5.0,3.0,images/image_450.jpg
4.5,4.5,4.0,4.0,4.0,images/image_451.jpg
2.5,2.5,2.5,2.5,2.0,images/image_452.jpg
3.5,3.5,4.0,4.0,3.5,images/image_453.jpg
3.5,3.5,3.0,3.0,3.0,images/image_454.jpg
4.5,4.5,4.0,4.0,5.0,images/image_455.jpg
3.0,2.5,3.0,3.0,2.0,images/image_456.jpg
1.5,1.5,1.5,1.5,2.5,images/image_457.jpg
3.0,3.0,3.0,2.5,2.0,images/image_458.jpg
1.0,1.0,1.0,1.0,3.0,images/image_459.jpg
2.5,1.0,2.0,1.0,3.0,images/image_460.jpg
3.0,3.0,1.5,3.0,3.5,images/image_461.jpg
2.0,1.0,1.0,1.0,1.0,images/image_462.jpg
2.5,1.5,1.0,1.5,2.5,images/image_463.jpg
2.0,2.5,2.0,2.5,1.5,images/image_464.jpg
2.0,1.5,1.5,1.0,1.5,images/image_465.jpg
4.0,5.0,4.0,5.0,3.0,images/image_466.jpg
1.0,1.0,1.0,1.0,1.0,images/image_467.jpg
1.0,1.0,1.0,1.0,2.0,images/image_468.jpg
1.0,1.0,1.0,1.0,3.0,images/image_469.jpg
1.0,1.0,1.0,1.0,2.0,images/image_470.jpg
5.0,5.0,5.0,5.0,5.0,images/image_471.jpg
5.0,5.0,4.0,5.0,5.0,images/image_472.jpg
5.0,5.0,5.0,5.0,4.0,images/image_473.jpg
1.0,1.0,1.0,1.0,3.0,images/image_474.jpg
1.0,1.0,1.0,1.0,1.0,images/image_475.jpg
5.0,5.0,5.0,5.0,4.0,images/image_476.jpg
4.0,3.5,4.0,3.5,3.0,images/image_477.jpg
4.0,4.0,3.5,3.0,4.5,images/image_478.jpg
1.0,1.0,1.0,1.0,2.0,images/image_479.jpg
1.0,2.0,1.0,2.0,4.0,images/image_480.jpg
5.0,5.0,4.0,5.0,2.0,images/image_481.jpg
5.0,4.0,5.0,4.0,4.0,images/image_482.jpg
5.0,5.0,5.0,5.0,1.0,images/image_483.jpg
5.0,5.0,4.0,5.0,4.0,images/image_484.jpg
5.0,5.0,5.0,5.0,3.0,images/image_485.jpg
5.0,5.0,5.0,5.0,4.0,images/image_486.jpg
5.0,5.0,4.0,5.0,3.0,images/image_487.jpg
5.0,5.0,4.0,4.0,2.0,images/image_488.jpg
5.0,5.0,4.0,5.0,3.0,images/image_489.jpg
5.0,5.0,4.0,5.0,3.0,images/image_490.jpg
4.0,5.0,2.0,4.0,1.0,images/image_491.jpg
5.0,5.0,4.0,4.0,4.0,images/image_492.jpg
5.0,5.0,5.0,5.0,4.0,images/image_493.jpg
5.0,5.0,4.0,4.0,4.0,images/image_494.jpg
5.0,5.0,5.0,5.0,5.0,images/image_495.jpg
5.0,5.0,4.0,4.0,5.0,images/image_496.jpg
5.0,5.0,3.0,5.0,5.0,images/image_497.jpg
4.0,4.0,4.0,3.0,3.0,images/image_498.jpg
5.0,5.0,4.0,5.0,4.0,images/image_499.jpg
5.0,5.0,4.0,4.0,5.0,images/image_500.jpg
4.0,4.0,3.0,3.0,4.0,images/image_501.jpg
5.0,5.0,4.0,4.0,5.0,images/image_502.jpg
5.0,5.0,5.0,5.0,5.0,images/image_503.jpg
5.0,4.0,4.0,4.0,4.0,images/image_505.jpg
2.0,5.0,2.0,5.0,1.0,images/image_506.jpg
4.0,4.0,3.0,3.0,5.0,images/image_507.jpg
1.0,1.0,1.0,1.0,1.0,images/image_508.jpg
1.0,1.0,1.0,1.0,4.0,images/image_509.jpg
3.0,2.0,3.0,2.0,3.0,images/image_510.jpg
1.0,1.0,1.0,1.0,1.0,images/image_511.jpg
5.0,5.0,4.0,4.0,1.0,images/image_512.jpg
1.0,1.0,1.0,1.0,3.0,images/image_513.jpg
3.0,3.0,2.0,1.0,4.0,images/image_514.jpg
5.0,5.0,5.0,4.0,1.0,images/image_515.jpg
1.0,1.0,1.0,1.0,4.0,images/image_516.jpg
1.0,1.0,1.0,1.0,1.0,images/image_517.jpg
1.0,1.0,1.0,1.0,2.5,images/image_518.jpg
5.0,4.0,4.0,4.0,3.0,images/image_519.jpg
5.0,5.0,4.0,4.0,5.0,images/image_520.jpg
1.0,1.0,1.0,1.0,1.0,images/image_521.jpg
5.0,5.0,4.0,4.0,5.0,images/image_522.jpg
1.0,1.0,1.0,1.0,5.0,images/image_523.jpg
5.0,5.0,5.0,5.0,1.0,images/image_524.jpg
1.0,1.0,1.0,1.0,3.0,images/image_525.jpg
1.0,1.0,1.0,1.0,4.0,images/image_526.jpg
4.0,4.0,3.0,3.0,1.0,images/image_527.jpg
4.0,4.0,4.0,4.0,1.0,images/image_528.jpg
3.0,3.0,2.5,2.5,4.5,images/image_529.jpg
3.5,3.5,2.5,2.5,1.0,images/image_530.jpg
4.5,4.5,3.0,3.5,4.0,images/image_531.jpg
3.5,4.0,2.5,3.0,3.5,images/image_532.jpg
4.5,4.5,4.0,3.5,4.0,images/image_533.jpg
3.5,3.5,3.0,3.0,3.0,images/image_534.jpg
4.0,4.5,4.0,4.0,3.5,images/image_535.jpg
4.0,4.0,3.0,3.0,4.0,images/image_536.jpg
4.5,4.5,4.5,4.0,4.5,images/image_537.jpg
5.0,4.5,4.5,3.5,4.0,images/image_538.jpg
4.5,4.0,4.0,3.5,2.0,images/image_539.jpg
4.5,4.0,4.0,3.5,5.0,images/image_540.jpg
4.0,4.0,3.0,3.0,2.6666666666666665,images/image_541.jpg
2.5,2.0,2.0,1.5,3.0,images/image_542.jpg
4.5,4.0,3.5,3.0,4.5,images/image_543.jpg
3.5,3.5,2.5,3.0,3.5,images/image_544.jpg
3.5,4.0,2.5,2.5,2.5,images/image_545.jpg
3.6666666666666665,3.333333333333333,3.333333333333333,3.0,3.6666666666666665,images/image_546.jpg
4.0,4.0,3.5,3.0,5.0,images/image_547.jpg
4.5,4.5,4.0,4.0,2.5,images/image_548.jpg
5.0,5.0,5.0,5.0,5.0,images/image_549.jpg
4.0,4.0,4.0,3.0,3.0,images/image_550.jpg
5.0,5.0,5.0,5.0,5.0,images/image_551.jpg
5.0,5.0,5.0,5.0,1.0,images/image_552.jpg
4.0,5.0,4.0,4.0,5.0,images/image_553.jpg
5.0,5.0,5.0,5.0,5.0,images/image_554.jpg
5.0,5.0,5.0,5.0,1.0,images/image_555.jpg
4.0,4.0,4.0,4.0,3.0,images/image_556.jpg
1.0,1.0,1.0,1.0,1.0,images/image_557.jpg
5.0,5.0,5.0,5.0,5.0,images/image_558.jpg
2.0,1.0,1.0,1.0,4.0,images/image_559.jpg
5.0,5.0,5.0,5.0,1.0,images/image_560.jpg
1.0,1.0,1.0,1.0,4.0,images/image_561.jpg
5.0,5.0,5.0,5.0,5.0,images/image_562.jpg
1.5,2.0,1.5,1.5,1.0,images/image_563.jpg
5.0,5.0,5.0,5.0,3.0,images/image_564.jpg
5.0,5.0,5.0,5.0,5.0,images/image_565.jpg
4.0,4.0,4.0,4.0,1.0,images/image_566.jpg
5.0,5.0,5.0,5.0,5.0,images/image_567.jpg
1.0,1.0,1.0,1.0,3.0,images/image_568.jpg
5.0,4.5,4.5,4.5,3.0,images/image_569.jpg
5.0,5.0,5.0,5.0,4.0,images/image_570.jpg
5.0,5.0,4.0,4.0,5.0,images/image_571.jpg
5.0,5.0,5.0,5.0,4.0,images/image_572.jpg
2.0,2.0,2.0,2.0,1.0,images/image_573.jpg
1.0,1.0,1.0,1.0,4.0,images/image_574.jpg
5.0,5.0,5.0,5.0,5.0,images/image_575.jpg
2.0,1.0,1.0,1.0,5.0,images/image_576.jpg
5.0,5.0,5.0,5.0,5.0,images/image_577.jpg
5.0,5.0,5.0,5.0,4.0,images/image_578.jpg
5.0,5.0,5.0,5.0,4.0,images/image_579.jpg
5.0,5.0,5.0,5.0,2.0,images/image_580.jpg
5.0,5.0,5.0,5.0,5.0,images/image_581.jpg
5.0,5.0,5.0,5.0,4.0,images/image_582.jpg
4.0,4.0,3.0,3.0,4.0,images/image_583.jpg
4.0,3.0,3.0,3.0,3.0,images/image_584.jpg
5.0,5.0,5.0,5.0,5.0,images/image_585.jpg
5.0,5.0,5.0,5.0,5.0,images/image_586.jpg
5.0,5.0,5.0,5.0,5.0,images/image_587.jpg
5.0,5.0,5.0,5.0,5.0,images/image_588.jpg
5.0,5.0,5.0,5.0,5.0,images/image_589.jpg
3.0,2.0,2.0,2.0,5.0,images/image_590.jpg
5.0,5.0,5.0,5.0,5.0,images/image_591.jpg
5.0,5.0,5.0,5.0,5.0,images/image_592.jpg
4.0,3.0,4.0,3.0,4.0,images/image_593.jpg
3.0,3.0,3.0,3.0,5.0,images/image_594.jpg
5.0,5.0,5.0,5.0,4.0,images/image_595.jpg
2.0,2.0,2.0,2.0,4.0,images/image_596.jpg
4.0,4.0,3.0,3.0,4.0,images/image_597.jpg
5.0,5.0,5.0,5.0,5.0,images/image_598.jpg
5.0,5.0,5.0,5.0,5.0,images/image_599.jpg
4.0,4.0,4.0,4.0,5.0,images/image_600.jpg
5.0,5.0,5.0,5.0,5.0,images/image_601.jpg
5.0,5.0,4.0,5.0,4.0,images/image_602.jpg
5.0,5.0,4.0,5.0,4.0,images/image_603.jpg
5.0,5.0,5.0,5.0,4.0,images/image_604.jpg
2.0,2.0,2.0,2.0,5.0,images/image_605.jpg
5.0,5.0,5.0,5.0,4.0,images/image_606.jpg
4.0,3.0,3.0,3.0,4.0,images/image_607.jpg
5.0,5.0,5.0,5.0,5.0,images/image_608.jpg
5.0,5.0,5.0,5.0,5.0,images/image_609.jpg
3.0,3.0,2.0,2.0,3.0,images/image_610.jpg
4.0,4.0,4.0,4.0,5.0,images/image_611.jpg
5.0,5.0,4.0,4.0,4.0,images/image_612.jpg
4.0,4.0,4.0,4.0,3.0,images/image_613.jpg
5.0,5.0,5.0,5.0,4.0,images/image_614.jpg
5.0,5.0,5.0,5.0,5.0,images/image_615.jpg
4.0,5.0,4.0,5.0,5.0,images/image_616.jpg
4.0,4.0,4.0,4.0,5.0,images/image_617.jpg
4.0,3.0,3.0,3.0,5.0,images/image_618.jpg
1.0,1.0,1.0,1.0,1.0,images/image_619.jpg
4.0,5.0,4.0,4.0,4.0,images/image_620.jpg
5.0,5.0,5.0,5.0,5.0,images/image_621.jpg
5.0,5.0,5.0,5.0,5.0,images/image_622.jpg
4.0,4.0,4.0,4.0,5.0,images/image_623.jpg
5.0,5.0,5.0,5.0,5.0,images/image_624.jpg
4.0,4.0,4.0,4.0,5.0,images/image_626.jpg
5.0,5.0,5.0,5.0,5.0,images/image_627.jpg
5.0,5.0,4.0,5.0,5.0,images/image_628.jpg
4.0,4.0,4.0,4.0,5.0,images/image_629.jpg
5.0,5.0,5.0,5.0,5.0,images/image_630.jpg
5.0,5.0,5.0,5.0,5.0,images/image_631.jpg
5.0,5.0,5.0,5.0,5.0,images/image_632.jpg
2.0,3.0,2.0,3.0,5.0,images/image_633.jpg
5.0,5.0,5.0,5.0,5.0,images/image_634.jpg
4.0,4.0,3.0,3.0,4.0,images/image_635.jpg
5.0,5.0,4.0,4.0,5.0,images/image_636.jpg
5.0,5.0,5.0,5.0,5.0,images/image_637.jpg
5.0,5.0,5.0,5.0,5.0,images/image_638.jpg
3.0,3.0,3.0,3.0,5.0,images/image_639.jpg
3.0,3.0,2.0,2.5,3.5,images/image_640.jpg
2.0,2.0,2.0,1.5,3.0,images/image_641.jpg
2.0,2.0,2.0,1.5,3.5,images/image_642.jpg
2.0,2.0,1.5,1.5,3.5,images/image_643.jpg
3.5,3.5,3.0,3.5,4.0,images/image_644.jpg
4.5,4.5,4.0,4.5,4.5,images/image_645.jpg
4.5,4.5,4.0,4.0,4.0,images/image_646.jpg
2.0,2.5,2.0,2.0,3.0,images/image_647.jpg
2.0,2.5,2.0,2.0,3.0,images/image_648.jpg
4.0,4.5,4.0,4.0,4.0,images/image_649.jpg
2.5,2.5,2.0,2.0,3.0,images/image_650.jpg
3.0,3.0,2.5,2.5,3.0,images/image_651.jpg
4.0,4.0,3.5,4.0,3.5,images/image_652.jpg
3.0,4.0,3.0,4.0,3.0,images/image_653.jpg
4.5,4.5,4.0,4.5,4.5,images/image_654.jpg
1.5,1.5,1.5,1.0,1.0,images/image_655.jpg
1.0,1.0,1.0,1.0,5.0,images/image_656.jpg
5.0,5.0,5.0,5.0,5.0,images/image_657.jpg
1.0,1.0,1.0,1.0,4.0,images/image_658.jpg
5.0,5.0,5.0,5.0,5.0,images/image_659.jpg
4.0,4.0,3.0,3.0,3.0,images/image_660.jpg
5.0,5.0,5.0,5.0,5.0,images/image_661.jpg
4.0,4.0,4.0,4.0,5.0,images/image_662.jpg
4.0,4.0,4.0,4.0,4.0,images/image_663.jpg
4.0,4.0,4.0,3.0,3.0,images/image_664.jpg
1.0,1.0,1.0,1.0,3.0,images/image_665.jpg
3.0,3.0,3.0,4.0,5.0,images/image_666.jpg
4.0,4.0,4.0,4.0,2.0,images/image_667.jpg
3.0,3.0,2.0,2.0,5.0,images/image_668.jpg
5.0,5.0,4.0,4.0,5.0,images/image_669.jpg
5.0,5.0,5.0,5.0,5.0,images/image_670.jpg
5.0,5.0,5.0,5.0,5.0,images/image_671.jpg
5.0,5.0,5.0,5.0,5.0,images/image_672.jpg
1.0,1.0,1.0,1.0,4.0,images/image_673.jpg
3.0,3.0,3.0,3.0,3.0,images/image_674.jpg
5.0,5.0,5.0,5.0,4.0,images/image_675.jpg
5.0,5.0,5.0,5.0,5.0,images/image_676.jpg
4.0,3.0,2.0,5.0,3.0,images/image_677.jpg
2.0,5.0,1.0,5.0,4.0,images/image_678.jpg
4.0,3.0,2.0,4.0,2.0,images/image_679.jpg
2.0,2.0,2.0,2.0,2.0,images/image_680.jpg
2.0,2.0,2.0,2.0,2.0,images/image_681.jpg
5.0,2.0,4.0,2.0,5.0,images/image_682.jpg
5.0,2.0,5.0,2.0,5.0,images/image_683.jpg
5.0,2.0,5.0,2.0,5.0,images/image_684.jpg
4.0,2.0,4.0,2.0,4.0,images/image_685.jpg
4.0,3.0,3.0,3.0,3.0,images/image_686.jpg
5.0,3.0,5.0,3.0,5.0,images/image_687.jpg
3.0,3.5,2.0,2.5,3.5,images/image_688.jpg
4.0,4.0,3.0,3.0,4.0,images/image_689.jpg
2.5,2.5,2.5,2.5,2.5,images/image_690.jpg
4.0,4.0,4.0,3.0,4.0,images/image_691.jpg
5.0,5.0,4.0,4.0,4.0,images/image_692.jpg
5.0,5.0,4.0,4.0,4.0,images/image_693.jpg
5.0,5.0,5.0,5.0,5.0,images/image_694.jpg
3.0,4.0,2.0,3.0,4.0,images/image_696.jpg
4.0,4.0,3.0,4.0,3.0,images/image_697.jpg
4.0,4.0,4.0,4.0,4.0,images/image_698.jpg
5.0,5.0,3.0,5.0,5.0,images/image_699.jpg
5.0,5.0,4.0,3.0,5.0,images/image_700.jpg
3.0,3.0,2.0,2.0,3.0,images/image_701.jpg
4.0,4.0,3.0,4.0,5.0,images/image_702.jpg
3.0,4.0,3.0,3.0,4.0,images/image_704.jpg
4.0,5.0,3.0,3.0,5.0,images/image_705.jpg
4.0,4.0,4.0,4.0,4.0,images/image_706.jpg
5.0,5.0,4.0,3.0,4.0,images/image_707.jpg
5.0,5.0,5.0,4.0,5.0,images/image_708.jpg
4.0,4.0,3.0,3.0,3.0,images/image_709.jpg
3.0,4.0,2.0,2.0,2.0,images/image_710.jpg
4.0,3.0,4.0,2.0,2.0,images/image_711.jpg
5.0,4.5,4.0,4.0,4.0,images/image_712.jpg
5.0,5.0,4.5,4.0,5.0,images/image_713.jpg
4.0,3.5,3.5,2.5,4.5,images/image_714.jpg
4.0,4.0,4.0,3.0,4.0,images/image_715.jpg
4.0,4.0,3.0,3.0,3.0,images/image_716.jpg
4.0,4.0,3.0,3.0,3.0,images/image_717.jpg
4.0,4.0,3.0,3.0,4.0,images/image_718.jpg
4.0,4.0,3.0,3.0,4.0,images/image_719.jpg
4.0,4.0,3.0,3.0,3.0,images/image_720.jpg
4.0,4.0,3.0,3.0,3.0,images/image_721.jpg
4.333333333333333,3.6666666666666665,3.333333333333333,2.6666666666666665,4.0,images/image_722.jpg
4.0,4.0,3.0,4.0,4.0,images/image_723.jpg
4.0,4.0,3.0,3.0,5.0,images/image_724.jpg
3.5,3.0,2.5,2.0,2.5,images/image_725.jpg
4.0,4.0,3.5,3.5,4.5,images/image_726.jpg
3.0,3.0,2.5,2.0,2.5,images/image_727.jpg
3.0,3.0,2.5,2.0,2.5,images/image_728.jpg
4.0,4.0,3.0,3.0,4.0,images/image_729.jpg
4.0,4.0,4.0,3.0,4.0,images/image_730.jpg
4.0,3.5,3.0,2.5,4.0,images/image_731.jpg
4.0,4.5,3.5,3.0,5.0,images/image_732.jpg
4.0,4.0,3.0,2.0,4.0,images/image_733.jpg
4.0,3.5,3.0,2.5,3.0,images/image_734.jpg
4.0,4.0,3.0,3.5,3.0,images/image_735.jpg
3.5,3.5,2.0,1.5,3.5,images/image_736.jpg
4.0,5.0,3.0,4.0,5.0,images/image_737.jpg
4.0,3.0,3.0,2.0,3.0,images/image_738.jpg
4.0,3.0,3.0,2.0,3.0,images/image_739.jpg
4.0,4.0,3.0,3.0,3.0,images/image_740.jpg
3.0,3.0,2.0,2.0,3.0,images/image_741.jpg
4.0,4.0,3.0,3.0,4.0,images/image_742.jpg
3.0,4.0,2.0,3.0,4.0,images/image_743.jpg
4.0,3.0,3.0,2.0,2.0,images/image_744.jpg
3.0,3.0,3.0,2.0,2.0,images/image_745.jpg
4.0,3.0,3.0,2.0,3.0,images/image_746.jpg
4.0,4.0,3.0,3.0,5.0,images/image_747.jpg
4.0,5.0,3.0,3.0,5.0,images/image_748.jpg
4.0,5.0,3.0,4.0,5.0,images/image_749.jpg
4.0,5.0,3.0,4.0,5.0,images/image_750.jpg
4.0,4.0,3.0,3.0,5.0,images/image_751.jpg
4.0,4.0,5.0,3.0,4.0,images/image_752.jpg
3.0,3.0,3.0,3.0,4.0,images/image_753.jpg
4.0,3.0,3.0,3.0,4.0,images/image_754.jpg
3.0,4.0,3.0,3.0,4.0,images/image_755.jpg
3.0,3.0,2.0,2.0,2.0,images/image_756.jpg
4.0,4.0,4.0,3.0,4.0,images/image_757.jpg
4.0,5.0,4.0,4.0,5.0,images/image_758.jpg
2.5,2.0,2.0,2.0,4.0,images/image_759.jpg
3.0,3.0,2.0,2.0,3.0,images/image_760.jpg
3.0,3.0,3.0,3.0,3.0,images/image_761.jpg
5.0,5.0,3.0,4.0,4.0,images/image_762.jpg
2.333333333333333,3.6666666666666665,2.6666666666666665,2.6666666666666665,3.333333333333333,images/image_763.jpg
3.333333333333333,4.0,3.0,3.0,4.0,images/image_764.jpg
4.333333333333333,3.0,3.333333333333333,2.333333333333333,3.0,images/image_765.jpg
3.0,3.333333333333333,2.0,2.333333333333333,2.333333333333333,images/image_766.jpg
3.6666666666666665,3.6666666666666665,4.333333333333333,2.6666666666666665,4.0,images/image_767.jpg
4.0,4.0,3.0,3.0,4.5,images/image_768.jpg
5.0,4.5,5.0,2.5,4.0,images/image_769.jpg
4.0,2.0,1.0,1.0,5.0,images/image_770.jpg
4.0,4.5,3.0,3.0,4.0,images/image_771.jpg
5.0,5.0,1.0,1.0,4.0,images/image_772.jpg
3.0,5.0,1.0,1.0,3.0,images/image_773.jpg
4.0,4.0,1.0,3.0,5.0,images/image_774.jpg
2.0,2.0,4.0,4.0,2.0,images/image_775.jpg
4.0,4.0,1.0,1.0,5.0,images/image_776.jpg
4.0,4.0,1.0,1.0,2.0,images/image_777.jpg
4.0,4.0,1.0,2.0,4.0,images/image_778.jpg
3.0,3.0,5.0,2.0,4.0,images/image_779.jpg
3.0,3.0,1.0,1.0,4.0,images/image_780.jpg
2.0,3.0,5.0,1.0,3.0,images/image_781.jpg
4.0,4.0,1.0,1.0,4.0,images/image_782.jpg
4.0,5.0,1.0,1.0,3.0,images/image_783.jpg
3.0,5.0,1.0,1.0,5.0,images/image_784.jpg
4.0,4.0,1.0,1.0,2.0,images/image_785.jpg
4.0,2.0,1.0,1.0,3.0,images/image_786.jpg
4.5,4.5,4.0,4.0,4.5,images/image_787.jpg
3.0,3.0,4.0,4.0,5.0,images/image_788.jpg
3.0,3.0,4.0,3.0,4.0,images/image_789.jpg
3.0,3.0,3.0,3.0,4.0,images/image_790.jpg
3.0,3.5,3.5,3.5,3.5,images/image_791.jpg
4.0,4.5,4.0,3.5,4.5,images/image_792.jpg
4.0,4.0,5.0,5.0,3.0,images/image_793.jpg
3.5,3.5,3.5,3.5,2.5,images/image_794.jpg
3.0,4.0,3.0,5.0,3.0,images/image_795.jpg
5.0,4.0,5.0,4.0,5.0,images/image_796.jpg
3.0,3.0,3.0,3.0,2.0,images/image_797.jpg
4.0,4.0,4.0,4.0,4.0,images/image_798.jpg
4.0,4.0,4.0,3.0,4.0,images/image_799.jpg
4.0,4.0,3.0,3.0,4.0,images/image_800.jpg
4.0,4.0,3.0,3.0,3.0,images/image_801.jpg
4.0,4.0,3.0,3.0,4.0,images/image_802.jpg
4.0,3.0,3.0,3.0,3.0,images/image_803.jpg
5.0,4.0,3.0,4.0,4.0,images/image_804.jpg
4.0,4.0,3.0,4.0,4.0,images/image_805.jpg
3.0,4.0,3.0,3.0,3.0,images/image_806.jpg
3.0,3.0,2.0,2.0,2.0,images/image_807.jpg
3.0,3.0,2.0,3.0,3.0,images/image_808.jpg
4.0,4.0,3.0,4.0,4.0,images/image_809.jpg
3.0,3.0,3.0,3.0,3.0,images/image_810.jpg
3.0,3.0,2.0,3.0,3.0,images/image_811.jpg
4.0,3.0,3.0,3.0,3.0,images/image_812.jpg
4.0,4.0,3.0,3.5,4.0,images/image_813.jpg
4.0,5.0,3.0,4.0,4.0,images/image_814.jpg
5.0,5.0,4.0,4.0,4.0,images/image_815.jpg
4.0,5.0,3.5,4.5,4.5,images/image_816.jpg
3.0,4.0,2.0,3.0,3.0,images/image_817.jpg
4.0,5.0,3.0,4.0,4.0,images/image_818.jpg
4.0,4.0,3.0,4.0,4.0,images/image_819.jpg
4.0,3.0,3.0,3.0,4.0,images/image_820.jpg
4.0,4.5,3.5,4.0,4.0,images/image_821.jpg
4.0,5.0,3.0,4.0,5.0,images/image_822.jpg
3.0,4.0,3.0,4.0,4.0,images/image_823.jpg
4.0,5.0,3.0,4.0,4.0,images/image_824.jpg
4.0,5.0,4.0,4.0,5.0,images/image_825.jpg
3.0,3.0,3.0,3.0,3.0,images/image_826.jpg
5.0,5.0,4.0,4.0,4.0,images/image_827.jpg
3.0,4.0,3.0,3.0,4.0,images/image_828.jpg
4.0,4.0,3.0,4.0,4.0,images/image_829.jpg
4.0,3.0,3.0,3.0,3.0,images/image_830.jpg
4.0,4.0,3.0,3.0,4.0,images/image_831.jpg
3.0,4.0,3.0,3.0,4.0,images/image_832.jpg
4.0,4.0,3.0,4.0,4.0,images/image_833.jpg
3.0,4.0,3.0,3.0,4.0,images/image_834.jpg
3.0,4.0,3.0,4.0,4.0,images/image_835.jpg
4.0,4.0,3.0,4.0,4.0,images/image_836.jpg
4.0,5.0,3.0,4.0,4.0,images/image_837.jpg
3.0,4.0,3.0,3.0,3.0,images/image_838.jpg
3.0,4.0,3.0,4.0,4.0,images/image_839.jpg
4.0,4.0,3.0,3.0,4.0,images/image_840.jpg
3.0,4.0,3.0,4.0,3.0,images/image_841.jpg
3.0,4.0,3.0,3.0,4.0,images/image_842.jpg
3.0,3.0,2.0,2.0,3.0,images/image_843.jpg
4.0,5.0,3.0,4.0,4.0,images/image_844.jpg
4.0,4.0,3.0,4.0,4.0,images/image_845.jpg
4.0,4.0,3.0,4.0,3.0,images/image_846.jpg
4.0,5.0,3.0,4.0,4.0,images/image_847.jpg
4.0,5.0,4.0,4.0,4.0,images/image_848.jpg
3.0,4.0,3.0,4.0,4.0,images/image_849.jpg
3.5,4.0,3.5,3.5,3.5,images/image_850.jpg
5.0,5.0,4.0,4.0,5.0,images/image_851.jpg
5.0,4.0,3.0,4.0,4.0,images/image_852.jpg
4.0,5.0,4.0,4.0,4.0,images/image_853.jpg
4.0,4.0,3.0,3.0,3.0,images/image_854.jpg
3.0,2.0,3.0,2.0,3.0,images/image_855.jpg
4.0,5.0,4.0,4.0,4.0,images/image_856.jpg
4.0,5.0,3.0,4.0,4.0,images/image_857.jpg
4.0,4.0,3.0,4.0,4.0,images/image_859.jpg
4.0,4.0,3.0,4.0,3.0,images/image_860.jpg
4.0,5.0,3.0,4.0,3.0,images/image_861.jpg
4.0,5.0,3.0,4.0,4.0,images/image_862.jpg
3.0,4.0,3.0,3.0,4.0,images/image_863.jpg
3.0,5.0,3.0,4.0,4.0,images/image_864.jpg
3.0,4.0,3.0,4.0,3.0,images/image_865.jpg
3.0,4.0,3.0,3.0,4.0,images/image_866.jpg
4.0,5.0,3.0,4.0,4.0,images/image_867.jpg
3.0,3.0,3.0,3.0,3.0,images/image_868.jpg
3.0,4.0,3.0,3.0,3.0,images/image_869.jpg
4.0,4.0,3.0,3.0,4.0,images/image_870.jpg
4.0,4.0,3.0,4.0,4.0,images/image_871.jpg
3.0,4.0,3.0,3.0,4.0,images/image_872.jpg
4.0,5.0,3.0,4.0,4.0,images/image_873.jpg
4.0,5.0,3.0,4.0,4.0,images/image_874.jpg
4.0,5.0,3.0,4.0,4.0,images/image_875.jpg
4.0,5.0,3.0,4.0,4.0,images/image_876.jpg
2.0,3.0,2.0,3.0,2.0,images/image_877.jpg
3.0,4.0,3.0,3.0,4.0,images/image_878.jpg
3.0,3.0,3.0,3.0,3.0,images/image_879.jpg
4.0,4.0,3.0,4.0,4.0,images/image_880.jpg
5.0,5.0,5.0,4.0,5.0,images/image_881.jpg
3.0,4.0,2.0,3.0,3.0,images/image_882.jpg
4.0,4.0,3.0,3.0,3.0,images/image_883.jpg
4.0,3.0,4.0,3.0,3.0,images/image_884.jpg
3.0,4.0,3.0,4.0,3.0,images/image_885.jpg
3.0,2.0,2.0,2.0,2.0,images/image_886.jpg
4.0,4.0,3.0,3.0,3.0,images/image_887.jpg
3.0,3.0,2.0,2.0,2.0,images/image_888.jpg
3.0,3.0,3.0,3.0,3.0,images/image_889.jpg
2.5,2.0,2.0,2.0,2.5,images/image_890.jpg
3.0,4.0,3.0,4.0,4.0,images/image_891.jpg
3.0,4.0,3.0,4.0,4.0,images/image_892.jpg
5.0,5.0,4.0,4.0,5.0,images/image_893.jpg
4.0,5.0,3.0,4.0,5.0,images/image_894.jpg
5.0,5.0,4.0,4.0,5.0,images/image_895.jpg
4.0,4.0,3.0,3.0,4.0,images/image_896.jpg
4.0,4.0,3.0,4.0,4.0,images/image_897.jpg
4.0,4.0,3.0,3.0,4.0,images/image_898.jpg
3.0,4.0,3.0,4.0,5.0,images/image_899.jpg
4.0,4.0,3.0,3.0,4.0,images/image_900.jpg
5.0,3.0,4.0,2.0,5.0,images/image_901.jpg
2.0,2.0,3.0,2.0,3.0,images/image_902.jpg
4.0,4.0,3.0,3.0,4.0,images/image_903.jpg
4.0,4.0,3.0,3.0,4.0,images/image_904.jpg
3.0,3.0,3.0,5.0,3.0,images/image_905.jpg
4.0,4.0,3.0,4.0,4.0,images/image_906.jpg
4.0,4.0,3.0,3.0,4.0,images/image_907.jpg
4.0,4.0,3.0,3.0,4.0,images/image_908.jpg
4.0,5.0,5.0,4.0,4.0,images/image_909.jpg
4.0,4.0,3.0,3.0,4.0,images/image_910.jpg
4.0,4.0,3.0,4.0,4.0,images/image_911.jpg
3.0,3.0,3.0,3.0,3.0,images/image_912.jpg
4.0,4.0,3.0,3.0,3.0,images/image_913.jpg
4.0,4.0,3.0,3.0,3.0,images/image_914.jpg
2.0,3.0,2.0,2.0,1.0,images/image_915.jpg
3.0,3.0,2.0,2.0,2.0,images/image_916.jpg
3.0,3.0,2.0,2.0,3.0,images/image_917.jpg
4.0,4.0,3.0,3.0,4.0,images/image_918.jpg
5.0,4.0,4.0,3.0,4.0,images/image_919.jpg
5.0,5.0,4.0,5.0,5.0,images/image_920.jpg
4.0,4.0,3.0,3.0,4.0,images/image_921.jpg
4.0,4.0,4.0,3.0,4.0,images/image_922.jpg
4.0,4.0,3.0,3.0,4.0,images/image_923.jpg
4.0,5.0,3.0,4.0,5.0,images/image_924.jpg
3.0,3.0,2.0,2.0,3.0,images/image_925.jpg
4.0,4.0,3.0,3.0,4.0,images/image_926.jpg
4.0,5.0,3.0,4.0,4.0,images/image_927.jpg
4.0,4.0,2.0,3.0,3.0,images/image_928.jpg
4.0,3.0,3.0,3.0,4.0,images/image_929.jpg
4.0,4.0,3.0,3.0,3.0,images/image_930.jpg
2.0,2.0,2.0,2.0,2.0,images/image_931.jpg
4.0,4.0,3.0,3.0,4.0,images/image_932.jpg
4.0,5.0,3.0,4.0,4.0,images/image_933.jpg
4.0,4.0,3.0,4.0,4.0,images/image_934.jpg
4.0,4.0,3.0,3.0,4.0,images/image_935.jpg
3.0,4.0,2.0,3.0,4.0,images/image_936.jpg
4.0,4.0,3.0,3.0,3.0,images/image_937.jpg
2.0,3.0,2.0,3.0,2.0,images/image_938.jpg
3.0,4.0,3.0,3.0,4.0,images/image_939.jpg
3.0,4.0,2.0,3.0,3.0,images/image_940.jpg
3.0,4.0,2.0,2.0,3.0,images/image_941.jpg
3.0,3.0,2.0,3.0,3.0,images/image_942.jpg
4.0,4.0,3.0,3.0,4.0,images/image_943.jpg
4.0,4.0,3.0,3.0,3.0,images/image_945.jpg
2.0,2.0,1.0,1.0,1.0,images/image_946.jpg
4.0,5.0,3.0,4.0,5.0,images/image_947.jpg
3.0,4.0,2.0,3.0,4.0,images/image_948.jpg
3.0,3.0,2.0,3.0,3.0,images/image_949.jpg
4.0,4.0,4.0,3.0,4.0,images/image_950.jpg
2.0,2.0,2.0,2.0,2.0,images/image_951.jpg
3.0,4.0,3.0,4.0,4.0,images/image_952.jpg
4.0,4.0,3.5,3.5,4.0,images/image_953.jpg
2.0,2.0,2.0,2.0,2.0,images/image_954.jpg
4.0,4.0,4.0,4.0,4.0,images/image_955.jpg
3.0,2.0,2.0,2.0,3.0,images/image_956.jpg
4.0,5.0,3.0,4.0,4.0,images/image_958.jpg
3.0,2.0,2.0,2.0,2.0,images/image_959.jpg
2.0,2.0,2.0,1.0,2.0,images/image_960.jpg
4.0,4.0,3.0,3.0,4.0,images/image_961.jpg
4.0,4.0,3.0,4.0,4.0,images/image_962.jpg
3.0,4.0,3.0,3.0,4.0,images/image_963.jpg
3.0,4.0,2.0,3.0,4.0,images/image_964.jpg
4.0,4.0,3.0,4.0,4.0,images/image_965.jpg
4.0,4.0,3.0,4.0,4.0,images/image_966.jpg
5.0,5.0,4.0,5.0,5.0,images/image_967.jpg
3.0,4.0,3.0,4.0,4.0,images/image_968.jpg
3.0,4.0,3.0,4.0,3.0,images/image_969.jpg
2.0,2.0,2.0,2.0,3.0,images/image_970.jpg
2.0,3.0,2.0,3.0,3.0,images/image_971.jpg
3.0,4.0,3.0,3.0,4.0,images/image_972.jpg
2.0,4.0,2.0,3.0,3.0,images/image_973.jpg
4.0,4.0,3.0,3.0,3.0,images/image_974.jpg
2.0,3.0,2.0,3.0,3.0,images/image_975.jpg
4.0,5.0,3.0,4.0,4.0,images/image_976.jpg
3.0,4.0,3.0,4.0,4.0,images/image_977.jpg
4.0,5.0,4.0,5.0,5.0,images/image_978.jpg
2.0,3.0,2.0,3.0,3.0,images/image_979.jpg
4.0,4.0,3.0,3.0,4.0,images/image_980.jpg
3.0,3.0,3.0,3.0,3.0,images/image_981.jpg
3.0,4.0,3.0,3.0,4.0,images/image_982.jpg
3.0,4.0,3.0,3.0,4.0,images/image_983.jpg
4.0,4.0,4.0,4.0,4.0,images/image_984.jpg
4.0,4.0,3.0,4.0,4.0,images/image_985.jpg
4.0,4.0,4.0,4.0,4.0,images/image_986.jpg
3.0,4.0,3.0,3.0,4.0,images/image_987.jpg
4.0,4.0,3.0,3.0,4.0,images/image_988.jpg
3.0,3.0,2.0,2.0,3.0,images/image_989.jpg
2.0,3.0,2.0,3.0,3.0,images/image_990.jpg
3.0,3.0,2.0,2.0,3.0,images/image_991.jpg
3.0,2.0,2.0,2.0,3.0,images/image_992.jpg
2.0,3.0,2.0,3.0,3.0,images/image_993.jpg
2.0,4.0,2.0,4.0,4.0,images/image_994.jpg
4.0,4.0,3.0,4.0,4.0,images/image_995.jpg
3.0,4.0,3.0,3.0,4.0,images/image_996.jpg
2.0,3.0,2.0,3.0,3.0,images/image_997.jpg
2.0,3.0,2.0,3.0,3.0,images/image_998.jpg
3.0,4.0,2.0,3.0,3.0,images/image_999.jpg
3.0,3.0,2.0,3.0,3.0,images/image_1000.jpg
2.0,3.0,2.0,2.0,2.0,images/image_1001.jpg
4.0,4.0,3.0,3.0,4.0,images/image_1002.jpg
3.0,4.0,3.0,3.0,3.0,images/image_1003.jpg
4.0,5.0,3.0,4.0,5.0,images/image_1004.jpg
3.0,4.0,2.0,3.0,3.0,images/image_1005.jpg
2.5,2.5,2.0,2.0,2.0,images/image_1006.jpg
1.5,2.5,1.5,1.5,2.5,images/image_1007.jpg
